Time,T° Lum,A1,A2,A3,A4,A5,A6,A7,A8,A9,A10,A11,A12,B1,B2,B3,B4,B5,B6,B7,B8,B9,B10,B11,B12,C1,C2,C3,C4,C5,C6,C7,C8,C9,C10,C11,C12,D1,D2,D3,D4,D5,D6,D7,D8,D9,D10,D11,D12,E1,E2,E3,E4,E5,E6,E7,E8,E9,E10,E11,E12,F1,F2,F3,F4,F5,F6,F7,F8,F9,F10,F11,F12,G1,G2,G3,G4,G5,G6,G7,G8,G9,G10,G11,G12,H1,H2,H3,H4,H5,H6,H7,H8,H9,H10,H11,H12
0:00:00,37,14,12,10,5,15,4,944,704,794,1037,758,856,11,7,6,5,5,5,7,25,15,10,7,6,25,22,6,14,14,7,10,4,4,9,7,5,10,14,25,8,15,9,11,4,3,3,8,6,12,8,6,15,4,8,8,7,13,6,7,2,13,12,25,20,8,7,4,11,3,9,4,8,13,18,8,12,16,8,11,7,4,9,6,4,14,12,6,13,4,12,4,4,10,6,3,12
0:10:00,37,1,1,3,0,6,14,1594,1464,1232,1688,1435,1513,3,6,1,4,7,3,5,4,11,1,7,7,3,7,0,7,6,5,5,5,1,9,0,12,2,0,0,4,4,5,3,10,8,8,4,1,1,1,6,10,0,4,10,0,0,8,0,1,1,1,8,8,2,3,3,9,1,0,13,7,10,0,1,1,1,1,2,8,0,1,5,2,6,9,5,0,1,4,1,1,7,0,0,4
0:20:00,36.9,1,5,0,4,0,2,2002,1868,1844,2280,1863,2091,1,0,9,6,5,3,15,6,0,7,11,3,0,3,4,5,0,1,9,8,0,0,4,2,2,2,8,1,0,0,0,5,5,6,4,9,1,3,1,1,1,0,3,6,0,4,6,1,8,7,3,4,1,2,1,1,3,0,0,4,8,0,0,0,0,1,1,2,0,4,1,1,2,0,1,4,1,1,5,0,5,5,0,2
0:30:00,37,3,1,0,1,6,10,2427,2245,2213,2573,2214,2358,1,1,7,3,1,17,9,5,18,10,5,14,4,3,0,3,0,1,1,6,0,4,2,3,1,3,7,0,1,7,0,5,7,3,1,7,0,1,3,1,7,4,13,3,0,0,1,3,4,6,9,7,3,5,0,3,2,1,8,5,0,2,5,1,1,1,1,1,6,5,0,1,1,3,1,3,5,11,4,7,1,4,8,1
0:40:00,37,0,0,5,2,1,7,2776,2577,2492,3085,2475,2432,2,13,0,2,1,12,14,7,5,1,2,2,4,16,1,1,9,1,17,13,0,0,7,0,1,6,0,16,2,6,0,1,15,13,1,15,16,18,0,0,8,2,2,5,2,1,0,9,4,16,15,2,3,2,0,4,5,5,0,1,0,5,1,0,0,1,4,4,5,0,8,5,1,0,0,1,3,1,1,1,2,2,3,0
0:50:00,37,11,3,10,8,0,4,2852,2693,2641,3236,2563,2658,0,1,1,4,0,1,14,16,14,17,16,10,0,1,3,1,11,2,0,13,3,6,2,1,1,2,2,11,8,0,1,2,0,0,1,4,1,5,1,1,1,0,1,1,0,5,5,3,1,1,6,3,6,5,0,1,4,0,7,1,17,3,0,4,0,1,1,11,10,5,5,0,0,1,2,3,7,6,4,3,5,3,1,1
1:00:00,37,1,1,13,0,0,12,3024,2816,2830,3192,2588,2962,8,6,0,0,0,3,21,113,23,7,9,20,0,6,3,6,0,4,9,8,1,2,13,14,5,1,7,2,4,6,9,0,4,5,0,0,1,11,5,2,6,4,3,1,0,3,0,6,1,5,4,0,1,4,1,9,0,1,0,4,3,2,4,1,6,2,0,1,1,3,6,0,3,8,0,4,0,5,2,0,2,3,1,6
1:10:00,37,1,10,2,5,8,6,3021,2609,2744,3244,2806,3149,4,10,1,5,2,0,8,7,11,23,14,16,1,8,5,1,7,1,12,6,11,6,4,1,11,1,7,1,8,7,3,2,1,15,1,4,0,7,0,0,1,2,3,0,11,5,3,1,1,0,2,0,12,2,8,25,0,2,1,5,0,0,2,1,1,0,0,1,0,0,3,1,2,1,2,14,0,4,4,4,5,5,0,0
1:20:00,37,1,1,7,9,4,15,3393,2974,2786,3414,2837,3209,10,5,0,6,0,5,6,14,10,8,12,3,1,4,4,5,1,0,7,1,0,6,4,4,0,6,7,6,6,5,8,5,0,7,4,2,1,0,0,4,3,1,4,2,0,1,0,0,3,7,4,0,0,1,3,4,11,3,2,2,2,2,1,0,1,8,7,0,1,1,1,3,1,3,15,1,0,1,1,0,3,4,3,2
1:30:00,37,1,4,0,6,2,3,3274,2977,2960,3628,2777,3275,3,1,15,1,2,12,12,14,26,4,7,4,0,1,2,3,6,5,18,0,0,8,0,4,7,20,0,3,16,1,8,0,0,4,11,5,0,8,3,1,8,2,0,0,3,1,7,4,5,2,10,2,1,4,8,5,6,1,5,0,0,12,0,1,5,4,6,2,2,4,8,1,4,0,0,0,1,4,1,1,7,1,6,3
1:40:00,37,11,0,4,0,2,5,3461,3033,3000,3558,2910,3325,5,0,0,5,0,1,7,13,8,13,6,0,2,0,11,5,4,0,2,9,10,8,4,5,1,1,6,9,1,1,1,1,5,9,4,0,6,0,1,1,7,5,0,5,0,5,6,8,12,14,8,8,2,4,13,0,0,1,8,1,0,3,0,5,2,1,7,3,3,1,0,7,1,3,0,5,6,5,1,0,8,1,6,7
1:50:00,37,5,2,10,10,8,2,3285,3171,2856,3905,3149,3393,0,2,4,4,3,5,2,13,9,15,7,4,0,3,2,1,3,4,6,7,9,1,1,4,11,0,3,1,1,7,13,0,1,1,5,0,2,8,4,1,0,1,3,0,4,17,7,0,4,0,1,1,7,9,1,3,5,0,3,26,3,1,0,2,6,0,16,2,0,0,16,2,3,1,2,1,1,1,1,3,9,0,7,5
2:00:00,37,4,5,6,1,6,2,3744,3104,3252,3676,3180,3393,1,0,1,3,8,2,13,6,1,6,13,0,19,7,5,1,2,2,3,1,7,5,6,2,0,3,10,1,1,9,1,1,5,10,0,1,1,1,0,8,3,0,6,5,1,0,2,1,1,3,2,4,4,7,11,6,2,1,1,1,12,0,4,1,0,8,4,0,2,2,4,4,1,11,0,1,35,3,1,5,4,5,4,3
2:10:00,37,7,0,3,0,1,2,3830,3181,3006,3883,2985,3635,6,6,1,15,5,8,19,20,18,7,6,11,0,0,4,5,5,3,1,1,8,4,9,3,0,3,6,6,2,1,1,0,6,7,5,0,0,6,0,4,3,3,2,3,7,1,1,10,7,5,1,4,0,2,12,2,0,1,4,9,0,3,0,6,1,1,1,0,0,0,0,2,0,0,4,8,3,5,1,2,17,1,6,3
2:20:00,37,3,4,1,6,3,6,3470,3323,3329,4146,3203,3748,1,1,1,5,3,2,4,12,8,21,12,10,6,5,0,1,5,6,3,10,2,0,4,3,0,5,0,9,2,1,4,10,2,7,10,0,1,6,5,4,2,12,4,3,4,4,7,0,7,1,4,7,4,11,2,1,1,6,4,5,3,3,7,4,1,0,0,0,1,1,7,3,3,0,0,1,1,1,5,4,0,11,0,1
2:30:00,37,0,11,12,1,5,15,3856,3388,3147,3904,2892,3654,0,6,5,1,6,0,5,12,22,16,7,3,5,4,0,1,0,0,15,8,2,12,9,0,3,8,10,1,8,3,6,7,10,0,4,0,0,0,4,3,1,2,17,0,3,6,14,5,3,0,6,4,5,11,3,1,0,1,6,1,2,14,7,6,1,1,6,0,1,2,1,1,0,1,2,1,1,7,4,4,2,11,6,5
2:40:00,37,6,5,11,0,8,5,3932,3427,3356,4244,3243,3763,10,3,1,6,3,0,22,17,23,48,12,7,2,4,0,0,15,2,7,3,3,1,3,4,10,6,0,0,2,0,0,10,0,1,5,5,1,14,1,3,3,7,0,9,0,3,9,9,3,4,2,2,0,0,0,5,1,0,4,4,1,0,3,3,8,0,4,0,0,0,3,3,4,3,8,1,1,0,5,0,3,4,10,0
2:50:00,37,8,0,1,1,1,5,3842,3597,3356,4246,3179,3941,5,1,6,5,23,20,6,3,16,6,38,25,8,2,6,7,10,0,0,0,5,11,4,2,0,6,5,0,2,2,1,6,0,2,2,14,0,2,9,1,1,14,7,0,5,1,4,3,7,0,3,5,8,6,4,1,3,1,3,21,2,12,4,0,2,1,2,2,7,4,1,1,3,4,0,12,1,15,4,5,8,4,8,0
3:00:00,37,8,4,6,7,1,13,3909,3594,3469,4291,3477,4261,1,1,1,1,4,4,22,2,9,10,7,9,2,1,1,1,3,1,1,4,5,4,1,0,2,1,4,0,5,4,18,8,1,1,1,4,5,5,0,1,0,0,4,13,1,5,8,11,1,5,1,1,5,1,8,0,5,0,15,8,1,0,9,0,9,1,4,9,2,6,5,0,1,0,2,0,5,3,1,1,5,0,0,4
3:10:00,37,6,3,1,2,4,16,4042,3817,3643,4407,3431,4145,1,3,1,4,5,0,14,17,20,8,14,14,4,6,3,2,4,1,17,2,2,12,11,5,1,1,3,4,1,2,15,2,6,5,5,7,4,0,4,5,1,3,9,3,0,2,4,0,1,12,0,13,0,7,1,11,5,0,6,4,5,0,1,5,7,0,0,0,0,12,6,10,0,4,0,1,3,2,11,1,0,3,7,1
3:20:00,37,1,2,0,1,3,11,4152,3788,3579,4730,3668,4073,8,0,0,4,3,1,10,18,9,19,25,9,2,1,5,9,4,4,6,0,5,8,1,3,1,2,0,2,7,4,1,1,14,4,2,4,10,6,7,1,8,12,0,4,1,3,4,2,3,1,3,0,11,0,1,4,7,6,0,4,1,2,5,1,0,4,2,1,1,1,5,1,0,5,5,0,1,1,7,6,11,0,4,0
3:30:00,37,3,0,1,10,3,9,4111,3726,3676,4793,3551,4228,3,5,7,1,0,3,13,18,23,21,13,21,0,6,5,0,0,7,1,11,10,11,7,6,4,1,1,3,6,5,9,6,0,7,0,5,1,5,0,6,1,9,7,0,0,13,0,1,0,0,4,0,2,5,0,6,4,12,7,1,0,0,1,2,11,0,0,6,0,3,1,6,12,22,7,6,3,1,0,1,6,6,1,5
3:40:00,37,7,0,1,3,1,6,4368,3931,3935,4848,3731,4419,0,9,1,1,3,0,1,5,18,17,14,9,4,7,4,6,3,0,7,3,9,1,1,16,4,3,0,1,6,0,1,5,3,5,0,5,0,1,2,1,5,1,2,2,2,3,1,1,3,3,8,3,0,14,2,4,2,1,8,0,7,7,1,5,4,1,1,1,0,1,6,13,5,0,0,2,7,2,0,2,4,1,9,1
3:50:00,37,4,1,4,3,6,18,4306,4036,3899,4883,3680,4693,1,0,0,6,5,12,12,12,18,13,29,7,2,5,1,0,5,0,12,0,1,3,9,17,4,0,3,1,6,10,2,0,4,0,7,3,8,0,0,0,5,1,4,2,2,3,0,8,5,1,5,8,3,1,7,1,0,3,0,11,0,3,4,5,4,6,1,6,12,9,4,10,0,6,1,1,0,4,5,0,2,6,0,4
4:00:00,37,1,0,3,8,0,6,4613,4058,3980,4825,3573,4923,10,4,4,8,8,12,6,23,18,15,13,31,4,1,7,4,1,5,0,5,3,0,4,15,6,0,8,1,0,7,4,5,1,5,4,7,1,3,0,6,11,1,2,1,7,3,7,3,6,9,0,0,3,1,1,6,4,5,0,1,2,7,3,7,0,0,3,4,3,1,1,7,2,1,1,0,2,13,0,2,0,0,3,8
4:10:00,37,9,0,0,8,4,8,4725,4252,4108,5131,4071,4820,0,4,1,1,0,1,22,29,17,6,12,6,7,6,3,2,1,3,9,1,5,0,1,12,0,1,1,4,1,1,7,6,6,1,7,9,3,3,5,2,5,0,5,3,10,0,0,3,8,4,1,0,0,0,1,2,1,0,1,7,4,1,5,0,1,4,5,0,0,1,0,1,13,0,3,4,3,6,0,7,1,1,7,5
4:20:00,37,6,7,4,1,0,2,4565,4281,4120,4948,3868,4588,5,0,10,1,0,5,13,38,26,19,3,5,5,0,2,1,2,1,0,1,6,3,3,0,14,9,8,11,5,7,5,1,0,1,2,0,0,3,0,1,3,1,7,1,1,0,7,6,6,9,0,0,1,4,6,7,0,2,5,5,3,0,1,0,2,3,0,0,5,1,7,5,9,1,17,1,1,0,5,6,7,1,3,1
4:30:00,37,9,0,7,2,5,1,4842,4267,4161,5116,3950,4908,3,2,1,0,4,4,28,26,16,22,1,16,3,1,1,2,4,0,10,3,6,2,6,11,1,4,1,8,0,4,6,10,7,5,8,3,0,1,0,1,0,3,7,4,2,1,10,7,0,9,6,1,1,0,2,4,0,0,5,2,0,1,4,4,0,4,6,4,1,4,1,1,0,6,1,0,1,0,4,3,0,1,9,1
4:40:00,36.9,0,4,5,5,1,5,4820,4328,4279,5501,3904,4778,0,5,5,3,0,6,12,7,17,31,10,9,1,0,0,5,3,0,5,4,4,2,5,12,0,0,1,7,11,11,2,9,3,4,7,15,1,0,10,2,2,3,1,5,0,6,0,0,0,0,10,6,1,5,0,12,1,5,0,1,1,1,0,7,0,4,12,0,2,1,0,12,1,4,0,2,4,0,2,0,1,7,0,4
4:50:00,37,0,5,3,5,2,5,4810,4383,4443,5211,3816,5073,0,0,4,5,6,4,2,10,17,17,7,30,0,5,4,0,0,14,1,12,18,8,4,1,5,1,8,2,9,6,8,3,6,0,5,1,0,2,2,1,1,6,4,1,6,2,4,5,5,1,5,4,7,1,2,0,3,10,5,0,0,3,7,11,6,4,5,0,0,6,1,10,8,0,0,2,4,5,3,1,18,1,0,2
5:00:00,37,0,1,9,0,5,10,4865,4616,4643,5397,3979,5194,1,2,9,6,4,1,21,13,15,11,23,10,0,1,0,4,2,4,0,13,4,1,9,0,1,1,7,3,1,1,1,8,1,2,1,6,2,0,9,1,5,5,5,2,0,4,0,4,7,0,5,1,0,2,1,4,3,8,4,1,11,5,11,6,0,4,1,14,5,6,4,3,4,1,6,1,5,2,5,7,3,6,3,0
5:10:00,37,3,10,1,4,1,8,5268,4604,4413,5586,4133,5200,9,8,6,1,8,5,16,9,22,13,30,1,4,3,1,3,0,7,0,7,12,10,2,0,2,5,0,6,0,0,1,6,5,7,10,8,1,10,3,3,5,5,3,3,2,3,0,4,0,0,1,3,4,1,2,6,5,1,1,1,1,1,5,4,0,5,6,2,2,1,6,1,1,0,0,1,7,1,2,8,12,2,5,4
5:20:00,37.1,0,3,3,14,1,12,5105,5047,4478,5471,4314,5188,2,6,13,8,1,6,9,15,49,30,20,13,1,2,0,4,11,6,6,0,14,5,4,7,0,1,8,1,4,18,1,11,2,4,7,1,1,2,4,0,1,3,5,3,4,2,1,11,6,5,1,2,20,11,3,4,1,4,10,4,7,1,7,3,3,9,1,4,9,8,6,1,11,4,3,0,0,0,2,0,0,1,8,1
5:30:00,37,1,3,5,1,1,3,5153,4886,4645,5379,4393,5304,4,5,0,1,1,3,8,2,8,36,22,33,0,4,0,6,6,2,2,6,1,18,11,6,0,25,10,1,0,7,4,1,7,1,4,7,17,8,3,0,9,5,7,1,2,3,2,1,3,1,1,1,2,3,0,3,2,2,5,1,0,2,3,1,0,0,0,6,0,4,5,0,0,3,3,5,2,1,0,2,11,4,9,14
5:40:00,37,1,0,4,8,1,7,5478,4829,4746,5788,4234,5534,1,1,3,1,1,13,21,12,17,9,7,27,0,3,0,1,3,0,3,14,3,10,4,4,0,5,9,1,1,5,6,13,1,10,0,0,0,3,0,0,9,4,1,1,5,2,2,4,7,24,1,1,0,10,1,5,3,1,9,19,6,2,1,4,0,3,2,1,0,0,0,0,0,3,0,0,1,1,2,7,12,1,1,5
5:50:00,37,6,1,3,10,5,0,5782,5080,4749,6074,4399,5433,3,7,1,0,4,7,7,13,22,30,30,10,1,2,1,6,9,6,3,7,4,3,4,0,1,0,2,1,7,5,6,1,0,2,8,1,10,5,10,1,0,0,2,8,2,0,4,0,1,0,4,1,5,1,4,0,7,3,11,11,9,2,1,0,4,4,1,32,4,1,4,3,12,0,0,2,5,1,1,5,1,0,2,6
6:00:00,37,1,9,2,4,4,3,5511,4998,4966,5871,4469,5551,14,5,3,5,4,7,9,12,20,32,25,11,10,1,0,2,2,3,3,0,10,6,5,2,0,1,3,2,0,9,7,1,13,6,6,1,5,1,10,0,4,6,1,2,0,1,0,5,1,3,4,2,3,3,1,4,2,2,6,1,2,1,0,6,6,1,0,1,6,1,6,2,7,1,11,1,0,0,1,1,7,6,1,14
6:10:00,37,1,6,1,0,2,5,5501,5226,5182,6248,4782,5680,0,1,6,7,3,0,29,22,9,24,8,14,3,0,0,6,6,0,1,4,7,12,5,16,1,1,5,3,7,1,0,9,5,2,9,5,4,16,5,8,5,9,2,2,3,6,2,4,4,0,5,1,1,6,0,1,4,1,3,0,1,9,4,2,2,2,1,9,9,0,7,5,3,0,10,9,1,10,0,5,1,7,0,1
6:20:00,37,5,3,5,1,3,3,5759,5509,5394,6115,4845,5686,9,4,3,0,4,8,18,21,1,13,6,8,13,1,7,0,6,7,9,1,15,1,5,2,0,0,1,6,1,2,5,2,2,12,2,0,0,0,1,3,3,3,1,0,10,6,4,7,2,1,4,3,11,6,4,1,2,1,7,0,5,5,2,6,77,8,6,2,1,0,2,8,0,0,1,9,5,3,8,4,5,2,1,4
6:30:00,36.9,6,1,1,1,4,10,5671,5516,5436,6210,4920,5692,1,0,0,1,0,3,23,28,9,14,14,7,3,1,1,2,1,3,5,1,9,7,3,3,2,1,3,9,4,1,3,4,0,1,0,5,2,3,3,3,4,1,6,1,1,0,12,5,4,1,1,2,3,0,3,7,3,17,5,1,1,5,4,1,0,6,5,3,4,2,6,5,6,0,2,7,1,0,3,0,1,1,2,0
6:40:00,37,7,6,11,0,6,9,5765,5465,5560,6559,4737,6087,0,1,0,9,1,7,34,22,34,31,8,9,0,0,1,10,2,4,9,5,1,8,3,10,4,0,3,16,2,0,1,0,7,6,1,11,13,2,3,3,5,0,19,2,11,0,11,0,2,1,2,0,5,2,5,4,0,5,0,0,4,0,0,11,3,9,5,8,0,4,1,10,1,1,1,0,1,0,4,7,6,5,0,0
6:50:00,37,2,12,2,6,0,3,5816,5830,5706,6436,4759,6202,5,1,2,14,0,17,35,11,33,3,14,20,176,3,0,15,11,1,2,3,11,1,4,16,8,0,3,7,3,4,10,1,0,3,4,6,5,0,0,15,1,6,4,4,1,7,6,1,0,6,4,6,1,9,6,1,14,4,0,1,4,17,0,1,1,0,7,5,9,7,7,9,2,9,2,9,6,2,0,1,12,3,7,3
7:00:00,37,0,0,9,0,10,5,6380,5920,6044,6278,4704,6154,0,5,3,2,3,1,15,20,17,13,21,16,1,6,1,3,10,11,19,7,7,8,6,8,5,4,3,2,2,3,1,1,1,2,5,2,0,6,2,2,8,9,9,0,9,20,1,3,0,9,0,1,6,1,6,1,2,7,1,1,0,1,0,1,1,6,3,0,0,6,5,7,2,2,0,1,0,1,10,12,0,7,3,0
7:10:00,37,4,7,8,0,5,17,6291,6113,6288,6454,5284,6212,5,1,1,8,5,11,21,21,17,2,5,24,1,0,0,2,4,3,3,1,10,6,1,6,0,0,2,1,0,7,12,1,2,4,5,11,0,0,1,2,8,6,2,2,0,1,2,9,3,10,0,4,7,1,4,4,1,5,8,0,1,0,1,0,3,0,1,1,8,2,5,11,1,5,1,4,4,3,2,7,0,0,0,1
7:20:00,37,9,0,2,12,9,26,6339,6102,6529,6743,4778,6024,0,8,0,0,2,13,19,9,26,25,11,17,1,8,0,15,6,12,4,6,0,12,4,12,1,2,1,8,6,3,14,1,0,9,1,2,1,1,4,5,0,8,3,9,5,4,5,4,0,1,1,1,2,5,1,3,1,1,0,3,3,0,1,1,6,3,3,1,6,1,5,10,0,13,0,0,0,2,0,1,9,1,1,2
7:30:00,36.9,9,1,0,10,8,6,6588,6366,6291,6762,4769,6234,3,16,0,1,4,4,20,19,6,25,11,9,12,0,2,4,13,6,10,2,8,6,1,4,0,5,0,1,2,10,0,4,5,2,12,6,11,4,0,1,9,0,6,0,3,1,5,4,0,0,0,1,7,9,0,16,0,11,0,5,9,1,1,6,0,6,1,12,5,8,4,5,1,1,1,2,12,0,0,4,2,2,0,12
7:40:00,37,1,5,2,6,12,6,6862,6655,6851,6985,5236,6243,11,2,6,3,0,13,30,34,25,30,19,20,8,2,0,0,1,5,8,1,1,7,4,7,1,1,0,3,7,0,1,5,5,4,6,3,1,11,0,0,7,8,0,15,0,6,0,4,4,7,6,1,5,1,4,2,0,0,0,5,2,3,0,9,6,0,6,0,1,13,0,4,7,3,3,3,4,7,5,7,0,1,2,1
7:50:00,37,5,7,1,4,1,7,7258,7141,6956,6727,5235,6404,0,1,2,3,2,0,22,27,31,30,38,21,8,1,9,0,8,5,5,9,0,6,2,10,12,1,4,3,9,6,0,6,1,6,5,0,0,7,2,0,14,2,1,0,0,8,11,10,1,0,2,3,7,0,19,9,5,0,13,0,0,4,4,6,3,4,0,5,0,0,0,1,5,9,2,0,1,3,1,3,0,8,1,5
8:00:00,37,4,6,5,10,13,14,7444,6872,7175,6713,5155,6221,5,10,1,1,1,0,18,34,13,26,2,9,2,1,0,9,6,0,3,11,0,13,7,3,0,3,0,7,13,4,10,13,9,5,0,3,4,1,0,3,3,0,4,1,0,1,4,10,6,1,3,0,1,1,1,9,3,2,0,0,0,2,1,3,5,10,11,2,1,2,2,13,1,1,2,8,1,3,4,1,6,5,7,4
8:10:00,37,13,8,4,0,2,13,7460,7488,7484,6720,5295,6405,0,0,0,10,0,3,21,13,20,12,23,30,1,12,9,0,5,9,14,6,9,0,5,11,1,7,2,4,4,1,2,7,4,1,1,7,3,9,6,0,9,7,11,3,17,0,9,2,4,3,3,11,2,2,13,5,0,0,6,6,4,2,1,0,2,1,6,1,1,1,0,12,8,3,1,0,7,0,0,16,8,3,2,8
8:20:00,37,1,10,3,14,1,7,7798,7295,7621,7332,5586,6681,0,0,1,4,3,3,18,23,16,23,9,12,0,5,1,4,0,1,4,4,2,7,9,17,1,5,0,4,1,3,4,1,2,5,7,5,0,0,1,8,9,7,6,4,14,1,6,0,3,1,2,10,2,1,6,0,0,0,0,0,4,1,5,4,4,1,0,8,1,3,4,6,5,12,5,4,2,0,2,0,8,1,5,6
8:30:00,37,7,1,7,0,2,9,8176,7816,8024,6927,5525,6917,6,1,0,14,0,6,17,36,40,6,29,12,4,3,5,5,0,0,4,12,1,2,4,4,0,1,1,7,0,3,0,3,3,1,0,11,1,1,0,5,0,8,0,2,0,0,6,4,1,4,5,1,3,1,5,4,3,4,7,8,1,5,1,6,0,3,2,0,1,1,0,11,3,0,0,6,1,7,13,0,2,0,12,1
8:40:00,37,1,1,7,0,0,6,8234,7426,7842,7316,5379,6848,3,1,5,6,0,3,40,33,18,27,21,20,0,3,1,5,6,4,3,0,3,1,0,11,0,1,1,1,1,6,7,5,34,1,0,4,3,19,8,0,5,6,4,4,7,1,4,2,0,0,3,4,8,0,5,0,9,0,0,5,0,3,1,6,1,0,1,2,1,15,5,0,0,2,3,0,1,4,2,0,5,3,5,4
8:50:00,37,2,1,4,3,1,13,8548,8173,8153,7175,5718,6879,4,0,1,0,0,2,15,29,32,18,16,21,0,5,3,4,3,12,4,7,4,9,7,2,0,9,1,1,3,7,4,10,1,0,3,2,4,12,3,0,2,2,2,0,7,7,1,5,8,3,7,4,6,11,1,5,3,8,0,2,0,11,0,0,1,8,15,3,1,1,0,0,1,1,4,11,3,3,4,0,1,1,1,6
9:00:00,36.9,0,1,4,3,11,22,8822,8162,8528,6998,5578,7197,0,1,2,5,4,2,24,10,37,29,33,40,1,0,8,2,3,2,7,0,1,3,1,11,6,1,1,1,5,6,1,4,4,1,2,11,0,3,1,0,8,4,14,8,2,3,10,0,3,0,0,1,4,8,0,3,0,8,5,7,2,0,12,0,5,0,0,0,2,0,9,0,0,1,0,1,1,1,1,6,1,1,1,1
9:10:00,37,1,2,9,0,2,18,8549,8662,8850,7340,5743,7236,6,0,0,3,3,9,20,28,29,13,32,17,6,1,0,0,1,0,1,24,1,5,1,0,1,0,0,1,3,3,3,8,6,1,6,0,3,6,2,0,1,3,7,10,2,3,2,5,0,6,0,3,0,6,64,10,1,1,5,6,3,0,0,0,1,6,0,13,4,2,4,3,4,3,0,3,5,2,12,1,1,4,0,2
9:20:00,37,0,6,12,0,1,22,9476,8715,8514,7382,6008,6938,0,1,1,0,1,12,16,9,33,17,19,0,2,1,1,2,0,10,10,7,25,4,0,3,0,4,5,5,3,5,0,1,4,4,5,0,0,0,5,3,0,10,11,7,0,8,1,1,5,0,0,5,0,0,0,1,0,4,5,1,4,2,5,0,6,0,6,5,2,5,0,2,2,7,1,1,1,0,0,2,14,0,6,0
9:30:00,37,0,1,7,5,12,5,9234,8994,9172,7439,5761,6798,0,0,1,2,2,7,35,29,22,19,22,8,0,1,17,1,2,8,1,5,13,7,1,5,1,1,7,5,5,9,2,9,4,2,1,4,6,1,7,8,0,3,2,0,8,0,3,5,8,4,0,1,5,4,1,0,0,1,0,10,5,2,1,0,1,3,0,13,0,1,8,10,0,10,0,1,1,0,1,3,6,0,10,0
9:40:00,37,0,1,0,0,10,9,9334,9102,9219,7574,5865,7121,3,0,4,1,11,1,11,31,26,17,33,8,0,0,0,0,0,0,15,1,7,4,8,4,9,0,0,0,0,1,6,1,8,13,3,10,0,1,2,11,1,0,1,5,11,2,6,5,3,0,1,7,1,3,0,0,2,1,0,6,1,1,4,0,6,0,0,0,1,3,8,6,3,5,7,0,5,3,2,6,4,4,0,2
9:50:00,37,0,1,0,1,7,19,9827,9699,9639,7657,5797,7135,0,0,0,3,1,8,42,19,14,35,8,16,6,1,1,7,2,0,13,12,0,7,3,4,0,15,0,5,1,0,5,6,5,2,6,0,0,3,1,4,6,1,9,3,0,4,0,0,1,1,1,1,0,2,0,5,0,4,4,6,2,3,0,2,7,0,0,0,1,0,6,1,0,5,0,0,2,0,2,0,0,0,4,2
10:00:00,37,7,9,2,8,3,12,10022,9732,9970,7689,6227,7224,1,2,0,3,0,1,24,39,31,18,28,8,0,7,0,8,5,0,3,3,3,1,3,1,0,1,0,1,1,1,1,1,2,1,5,1,3,6,1,1,0,30,7,6,1,6,3,1,4,1,6,0,0,0,2,0,1,0,0,2,0,7,5,5,1,4,4,3,11,0,9,8,3,2,0,1,8,1,1,0,2,1,0,0
10:10:00,37,5,1,10,2,0,6,10354,10026,10116,7680,6237,7365,0,9,1,0,9,3,13,35,30,30,36,26,1,1,0,3,5,7,10,15,19,9,8,6,0,0,0,4,1,0,1,1,7,10,14,6,0,5,0,0,0,0,3,4,0,5,0,1,1,0,0,5,5,5,1,3,6,0,0,4,1,1,0,2,2,1,6,12,0,6,0,0,1,0,0,3,0,8,3,2,0,0,4,3
10:20:00,36.9,3,0,4,0,11,20,10128,9961,10013,7366,6082,7308,1,3,5,0,2,11,36,30,22,27,9,14,2,1,5,1,5,9,3,5,3,6,1,2,1,4,1,5,2,2,2,1,9,12,10,1,0,1,0,5,0,6,4,4,2,2,5,8,0,2,3,0,4,5,10,5,2,0,0,0,1,5,2,8,1,0,6,1,4,5,0,1,0,0,0,3,0,1,4,0,6,0,4,5
10:30:00,37,1,0,5,1,5,9,10520,10126,10234,7416,5798,7119,1,0,7,8,3,14,22,18,35,12,24,15,2,4,6,4,20,24,1,3,11,9,12,14,1,0,9,2,7,6,1,12,16,5,3,9,1,2,0,2,8,3,1,3,1,2,3,4,0,0,0,4,6,1,2,4,2,1,0,10,0,4,1,0,3,1,3,1,9,8,0,0,0,8,6,1,3,0,0,6,0,6,0,2
10:40:00,37,0,1,5,1,6,15,10750,9997,10595,7737,6296,7348,2,0,8,4,6,13,33,47,19,6,9,28,3,0,5,6,12,5,8,13,10,6,4,1,0,0,3,9,5,3,1,0,5,4,5,4,0,0,1,0,9,1,4,9,0,4,4,1,1,1,11,0,5,1,2,11,1,1,0,0,0,0,0,1,6,4,6,2,0,3,4,2,0,8,1,1,8,9,1,1,0,1,3,5
10:50:00,36.9,2,2,1,7,7,22,10981,10402,10730,7848,6181,7440,0,1,5,1,7,6,44,16,36,44,35,29,0,0,2,6,2,7,1,5,1,0,9,5,1,0,0,3,2,0,7,1,2,7,1,9,1,2,1,8,3,0,9,1,5,1,11,0,0,2,3,0,2,1,4,0,0,1,4,0,1,0,0,0,0,4,1,0,4,1,3,6,1,2,0,3,2,8,2,9,1,3,3,7
11:00:00,37,6,4,4,0,16,10,11205,10218,10943,7819,6335,7691,3,2,3,4,2,4,26,15,25,35,26,18,0,0,7,6,8,8,7,8,4,1,11,4,1,5,1,13,0,1,3,0,5,0,4,14,0,1,9,1,0,5,5,5,1,4,1,4,0,5,0,0,1,1,1,7,6,5,4,1,0,5,1,7,1,0,4,1,0,1,0,6,0,6,1,1,0,2,0,0,5,0,7,5
11:10:00,37,0,3,0,5,1,22,11047,10548,10806,7892,6465,7342,2,1,6,0,0,3,27,35,37,7,21,39,0,1,2,8,2,3,2,6,2,5,6,5,2,4,0,4,2,0,4,21,13,5,7,5,0,1,1,0,2,0,1,5,16,6,1,10,0,2,6,2,2,0,6,9,5,0,6,8,0,0,7,1,0,0,1,3,3,3,7,1,7,0,1,7,2,3,3,6,1,1,0,9
11:20:00,37,2,1,0,0,6,22,11205,10413,11480,8074,6677,7633,1,5,4,8,0,8,27,40,20,14,15,17,0,2,2,10,4,12,2,5,4,2,4,1,5,0,0,1,5,5,0,5,2,1,0,1,0,0,0,0,1,2,9,2,1,7,1,5,3,4,4,16,1,4,1,4,0,0,1,1,2,1,6,1,0,9,0,4,4,4,1,1,0,4,0,1,1,1,0,3,0,1,1,1
11:30:00,37,1,8,0,7,19,11,11366,10859,11437,7976,6503,7709,0,0,6,0,6,7,35,21,44,28,24,16,2,7,1,6,0,6,9,2,5,5,12,5,6,5,1,1,0,4,0,9,0,0,0,0,5,5,2,3,2,2,3,2,4,6,5,1,0,9,4,0,1,1,8,3,53,8,14,1,1,11,0,4,2,1,4,3,0,6,0,5,5,2,2,5,2,0,1,1,1,0,4,5
11:40:00,37,0,0,4,4,0,11,12067,11245,12035,7933,5982,7688,1,1,1,1,3,3,50,31,11,19,8,24,2,3,1,1,1,6,10,9,9,4,0,6,3,3,0,0,14,8,10,1,3,6,0,6,2,14,6,0,0,4,5,0,2,2,3,0,1,1,2,0,1,1,3,2,1,0,0,4,0,1,1,4,9,8,0,4,1,1,3,0,1,2,0,1,10,1,0,2,0,3,0,2
11:50:00,37,4,2,1,7,6,5,12035,11191,11971,8497,6399,7342,4,0,1,4,5,9,30,33,7,22,10,10,9,3,4,1,13,0,5,13,6,18,0,1,3,0,7,0,6,5,2,0,4,1,0,0,1,0,0,0,0,5,0,0,10,0,1,2,1,1,6,1,0,15,4,4,6,0,0,0,1,1,8,0,8,0,4,0,1,0,5,1,3,3,9,1,1,9,0,0,3,5,1,0
12:00:00,37,2,2,4,0,1,11,11855,11066,11701,8257,6517,7846,0,4,8,2,3,24,35,31,25,37,20,18,0,1,0,0,5,9,6,4,1,5,7,8,5,6,0,0,0,1,2,4,9,7,1,0,2,1,0,4,1,2,8,0,13,5,10,15,1,5,1,0,14,1,1,0,0,2,10,0,0,1,5,1,10,10,4,1,0,0,2,7,6,4,7,1,10,1,3,15,2,6,11,0
12:10:00,37,9,0,3,6,0,24,12100,11637,12164,8070,6576,7552,1,2,0,1,4,13,22,19,39,11,22,8,0,0,12,0,1,0,4,3,1,2,1,0,0,1,0,0,11,0,1,6,4,2,1,3,0,5,6,18,0,2,5,1,4,1,3,3,0,4,0,1,0,6,6,0,0,14,3,8,4,4,0,0,4,4,0,9,13,7,3,1,6,0,6,0,5,1,1,0,2,13,6,4
12:20:00,36.9,5,5,1,1,4,18,12306,11362,12180,8090,6480,7968,0,0,1,1,4,10,20,40,15,19,30,17,0,14,1,4,9,2,8,16,4,1,0,0,1,0,3,1,1,4,3,2,9,1,8,3,0,2,1,0,8,4,0,1,0,0,6,0,1,1,1,0,0,1,0,7,0,2,0,1,1,22,0,0,1,0,5,0,0,4,7,3,3,10,1,4,0,1,0,8,0,0,0,6
12:30:00,37,0,3,6,2,1,78,12352,10993,13130,8575,6783,7870,9,1,2,0,2,12,22,27,38,26,9,13,0,0,1,5,1,1,12,2,7,4,1,5,3,0,6,2,4,1,15,6,3,12,0,1,1,6,0,1,1,0,4,15,4,0,4,13,7,0,9,0,2,6,16,6,1,1,0,1,0,0,5,0,0,0,8,3,8,0,0,0,1,1,1,10,4,0,7,4,3,0,1,0
12:40:00,37,6,0,0,3,4,17,12488,11196,12693,8311,6666,7816,0,0,5,0,12,4,17,22,28,35,10,15,0,4,3,2,3,5,1,3,0,7,13,6,1,0,1,1,5,0,8,0,19,1,17,5,0,4,3,1,1,4,5,4,0,3,8,4,0,4,7,2,2,6,0,0,5,4,11,7,0,0,1,1,1,0,0,0,0,1,7,0,0,5,1,0,0,1,9,2,7,0,4,1
12:50:00,37,1,1,1,11,0,13,13126,11711,12711,8281,6549,8002,0,1,7,1,9,13,40,41,16,13,32,13,2,1,1,10,0,3,13,1,5,5,5,9,0,1,0,3,4,5,6,6,1,4,1,6,0,1,7,18,1,0,7,0,1,0,10,7,0,0,1,6,3,5,6,5,1,7,14,1,0,0,6,1,0,0,3,1,4,1,1,0,0,0,1,0,0,3,5,1,1,1,3,7
13:00:00,37,15,0,3,1,14,25,12864,12048,13173,8017,6935,7577,2,1,7,1,0,20,39,25,22,1,20,17,0,1,0,10,0,0,11,12,3,0,1,16,0,0,3,5,3,1,0,9,2,5,7,0,0,16,4,0,5,5,0,10,6,9,6,10,1,1,4,2,0,10,1,1,2,12,15,1,5,1,1,0,5,1,5,0,4,5,2,1,5,4,1,1,0,0,0,6,6,1,6,1
13:10:00,37,4,0,0,1,5,13,12973,12135,13197,8298,6820,8116,0,4,0,11,6,19,16,37,24,26,18,22,2,5,4,0,4,3,2,16,18,4,21,0,0,0,0,5,0,5,0,0,9,4,0,10,0,0,6,3,4,1,4,8,9,9,0,6,1,3,0,1,2,0,0,8,9,7,9,5,7,4,1,7,0,5,0,5,1,2,1,5,0,8,5,0,9,2,1,1,0,0,0,4
13:20:00,37,0,8,4,2,2,4,12942,12025,13550,8460,6709,7757,0,7,0,2,0,5,46,14,32,32,30,28,1,1,1,1,0,0,9,4,14,17,3,5,0,3,0,4,2,0,1,2,4,8,1,11,1,0,1,1,4,1,0,1,1,3,0,3,5,1,9,0,13,1,8,3,3,0,3,7,0,2,2,1,1,0,0,0,3,0,1,0,4,3,0,1,0,7,1,2,6,1,1,1
13:30:00,37,0,3,2,0,10,6,13688,12635,12907,8385,6866,7865,5,0,2,4,3,1,50,45,38,28,39,22,5,17,4,1,9,1,6,5,4,8,2,3,0,1,0,1,10,1,4,1,2,0,2,14,11,1,0,0,0,8,0,5,4,6,11,2,6,11,1,0,0,5,15,0,4,0,4,0,1,1,4,4,8,1,0,0,3,4,2,6,4,0,1,0,2,2,11,9,0,1,3,1
13:40:00,37,1,0,0,0,12,21,13656,12472,13340,8666,7054,8169,0,1,0,11,0,0,46,26,30,9,10,29,0,10,2,3,3,8,7,16,3,5,2,1,0,0,4,1,1,11,0,0,3,8,7,4,0,0,0,1,4,10,1,4,4,7,6,10,1,5,1,0,0,2,3,9,1,0,0,3,2,0,3,1,5,1,4,1,2,0,2,0,0,1,1,0,2,3,0,0,0,4,0,1
13:50:00,37,7,5,1,3,0,21,13305,12267,13698,8631,7155,7655,0,4,3,0,0,7,28,28,34,25,26,8,0,6,0,0,1,13,3,12,8,2,12,0,3,3,11,9,2,8,1,8,0,0,2,5,0,12,3,4,3,2,3,1,8,6,4,6,0,1,0,1,1,3,5,1,6,8,6,8,5,1,0,0,2,0,5,4,1,2,37,10,0,1,0,1,1,1,2,15,7,0,0,3
14:00:00,37,3,6,5,1,4,23,13800,12327,13186,8453,7062,7868,3,6,15,4,13,10,40,27,45,42,11,18,3,5,9,1,2,7,6,15,1,4,0,0,5,3,0,7,3,0,1,9,3,0,15,3,0,5,6,0,3,0,1,10,0,3,2,4,4,0,6,0,0,6,0,9,4,3,4,8,2,4,5,0,7,1,2,11,0,0,0,0,1,0,9,2,3,5,5,4,5,1,0,5
14:10:00,37,0,9,14,7,7,21,13291,12553,13387,8445,6875,7947,1,5,3,2,1,8,16,20,36,17,18,22,9,7,1,4,2,3,1,8,3,7,4,2,14,4,15,1,2,10,9,5,5,0,1,7,0,0,4,0,0,8,4,1,10,1,5,7,6,10,0,0,0,0,10,2,2,0,1,7,1,0,6,0,0,12,1,7,2,3,1,4,5,13,1,0,5,2,3,0,7,0,0,1
14:20:00,37,0,5,1,8,0,17,13281,12361,14081,8751,6954,8133,3,5,3,0,3,9,28,32,27,27,8,10,0,1,121,0,1,10,27,6,6,9,4,1,0,0,0,4,3,3,2,6,5,3,4,12,10,0,0,2,10,7,5,4,3,9,6,3,0,0,9,5,1,0,1,6,1,0,6,2,7,1,2,6,6,2,0,2,3,2,6,1,0,5,0,1,3,6,0,0,5,1,0,3
14:30:00,37,1,1,5,4,0,20,14068,11749,14095,8336,7252,7757,1,14,0,5,1,15,33,44,91,48,28,17,0,6,6,2,1,16,3,0,12,6,13,6,1,6,3,0,0,3,8,7,2,4,6,0,7,1,0,13,3,1,1,5,15,6,6,9,1,5,0,4,5,1,4,0,6,2,2,3,0,4,0,4,4,0,2,0,1,18,1,1,5,3,0,1,2,1,6,0,7,3,10,7
14:40:00,37,0,7,1,3,3,29,13819,12531,13738,8944,6914,7901,0,0,3,6,7,2,18,37,40,39,31,20,1,9,3,3,8,0,0,0,4,15,0,4,7,1,0,4,3,9,8,1,0,8,1,7,0,2,4,9,11,2,14,5,3,6,1,5,8,6,6,0,7,1,4,5,1,5,1,3,1,10,8,5,2,7,12,0,6,1,4,0,11,0,0,0,0,1,6,2,12,2,1,1
14:50:00,37,5,5,7,1,1,4,13913,12778,14301,9249,6832,7687,0,1,1,1,3,0,27,26,24,12,18,18,3,1,10,0,7,4,4,1,0,2,9,10,6,1,1,1,3,3,0,8,2,15,1,4,0,1,0,5,3,6,0,0,5,2,8,0,3,0,0,10,0,6,3,0,1,5,0,11,0,5,1,6,2,0,1,3,6,1,2,0,0,0,5,1,2,0,3,13,0,5,0,0
15:00:00,37,0,5,0,16,1,11,14036,12657,13521,9434,7121,7980,1,2,1,1,10,6,32,46,25,39,32,42,0,5,2,0,2,4,5,5,9,6,10,0,0,1,0,1,1,9,3,16,4,3,6,4,4,0,4,7,2,1,0,14,4,8,4,1,0,0,1,0,0,1,7,11,5,0,0,5,0,3,1,4,7,10,5,1,3,3,0,5,0,0,0,1,2,0,6,0,2,6,0,0
15:10:00,37,7,3,1,10,4,32,13749,12989,13893,8649,7250,8005,0,5,0,4,0,12,32,38,16,52,34,17,2,0,1,5,5,6,2,9,11,3,5,7,0,1,4,1,13,3,12,5,2,7,3,0,5,1,0,5,4,1,8,5,1,4,0,3,0,0,0,3,0,0,0,1,0,4,0,1,0,0,7,0,1,6,1,0,0,1,10,0,1,4,5,0,0,2,6,1,0,19,5,1
15:20:00,36.9,1,4,9,1,9,4,13874,12579,14703,8942,7176,7736,0,3,6,4,1,13,28,33,43,28,51,31,3,17,1,1,5,5,14,18,7,1,0,0,0,0,1,0,0,2,7,2,9,10,10,0,4,1,0,0,1,2,2,3,9,9,1,6,1,0,1,4,0,0,3,0,1,6,0,4,3,4,1,9,0,7,13,1,2,1,6,3,0,3,1,0,3,1,1,2,0,1,0,4
15:30:00,37,0,8,7,5,0,18,14069,13205,14211,8689,7234,8504,1,6,0,8,3,6,19,33,40,20,22,9,3,3,0,11,6,9,5,6,17,16,0,1,2,0,0,3,5,16,3,2,7,3,4,10,2,4,0,1,5,5,1,4,6,0,13,3,1,5,1,4,0,5,4,4,1,0,10,4,3,0,1,2,0,1,0,4,12,3,5,2,1,2,0,5,0,5,1,4,0,5,0,14
15:40:00,37,0,1,0,25,2,21,14232,12758,14431,8940,7056,7869,2,0,0,3,0,3,27,34,12,29,17,28,0,10,0,7,3,0,6,11,14,2,1,4,0,0,0,2,7,1,3,19,9,4,6,3,0,1,1,0,6,1,6,8,8,5,13,6,0,1,3,3,17,5,1,4,3,1,3,4,3,6,0,0,1,1,1,0,2,0,6,1,1,1,1,0,7,0,0,4,1,0,0,0
15:50:00,37,0,2,2,3,13,16,13892,13081,14089,8505,7404,8164,1,5,2,7,3,8,27,31,37,23,19,22,3,0,0,5,1,10,7,9,3,10,3,0,0,1,0,1,4,0,0,4,0,1,0,7,1,1,1,2,5,0,3,3,0,7,5,5,7,6,2,1,3,7,6,0,3,4,4,7,3,1,1,3,6,2,0,7,2,0,0,1,3,1,0,1,15,0,5,0,10,5,0,0
16:00:00,37,5,0,1,1,8,17,14001,13676,14241,9086,7132,8222,2,2,1,1,3,7,47,21,30,40,16,21,6,1,1,4,6,0,0,8,15,5,5,4,0,0,0,0,0,5,12,0,1,7,0,6,4,0,8,11,5,0,5,2,10,6,2,0,8,0,0,0,5,1,0,5,7,0,7,2,9,4,4,5,0,4,5,1,0,3,2,1,7,1,5,0,0,2,10,7,4,0,8,5
16:10:00,37,5,3,4,0,15,13,14096,13362,14034,8509,7381,7961,6,4,4,1,2,10,37,52,54,25,10,23,1,4,7,2,5,5,9,11,2,5,6,6,0,0,1,1,0,0,9,14,10,21,2,19,2,1,3,0,14,11,0,1,6,9,8,6,5,0,0,4,3,17,0,1,0,12,5,0,0,1,5,8,6,1,1,1,0,12,5,10,0,0,0,5,0,4,4,7,1,2,1,1
16:20:00,37,1,0,0,1,10,37,13526,12871,13825,9381,7317,8023,5,2,1,12,0,6,44,65,13,18,40,28,0,1,1,2,0,14,19,6,9,5,6,19,9,2,3,1,0,9,2,6,7,1,1,0,14,4,5,3,6,7,0,3,4,5,1,1,0,1,0,2,1,1,8,1,1,2,12,0,6,7,1,5,6,0,0,0,0,11,0,0,0,7,4,3,1,4,4,8,0,2,0,0
16:30:00,37,0,2,1,2,4,13,13875,12955,14647,9069,7182,8033,5,1,5,5,4,5,31,32,47,39,29,34,9,0,5,2,13,2,2,14,5,7,9,10,1,0,4,1,0,1,7,6,1,2,13,0,10,4,1,1,1,3,2,0,0,0,5,10,0,4,1,4,6,0,3,7,0,3,12,1,0,1,4,6,1,0,4,4,0,7,6,0,0,0,1,4,0,1,1,4,7,0,4,4
16:40:00,37,1,5,8,5,2,19,13812,13243,14455,8676,7169,8094,9,7,1,0,5,10,38,74,45,22,36,18,3,4,7,6,1,3,2,9,11,10,13,1,1,4,0,2,0,5,2,1,1,6,2,0,4,0,10,1,1,5,11,1,6,0,0,0,3,1,5,2,13,13,5,5,7,0,1,0,1,15,6,3,3,0,3,8,8,4,10,5,13,6,1,1,1,1,0,1,0,1,10,7
16:50:00,37,1,1,2,10,0,19,14499,13620,14179,8801,7506,7962,2,9,1,6,7,7,53,26,16,28,21,14,6,8,1,2,0,6,8,4,12,2,1,5,2,5,1,3,3,1,6,5,7,11,0,0,7,7,2,2,2,1,10,0,4,4,1,0,6,0,1,0,1,2,1,1,7,5,5,8,5,5,0,0,0,2,1,1,0,2,0,3,1,3,1,0,11,4,1,0,0,1,1,4
17:00:00,37,5,7,0,17,7,29,13797,13237,13784,8961,7325,7772,6,5,1,8,9,10,24,37,54,19,15,33,0,3,1,14,1,10,8,4,3,21,5,7,1,1,4,2,1,1,3,7,7,0,1,13,0,0,0,2,0,1,17,3,6,0,0,1,11,0,2,15,0,10,10,5,7,6,1,3,4,0,2,0,0,0,0,1,5,4,12,4,3,1,0,0,4,3,6,0,1,2,2,10
17:10:00,37,9,1,0,5,3,32,13998,13733,14365,9052,7234,8330,1,5,0,4,0,18,19,20,49,56,38,22,4,7,8,7,4,16,18,19,9,4,5,0,0,6,1,5,3,3,13,10,8,14,3,9,0,1,1,10,0,3,1,2,6,11,0,6,7,3,0,0,1,5,5,5,4,8,3,5,1,1,5,4,5,0,0,5,14,2,0,1,1,3,7,0,2,6,0,1,10,0,10,0
17:20:00,37,2,0,1,1,3,24,14004,13582,14254,8602,7179,7645,2,0,7,3,8,2,40,40,28,55,14,30,3,5,9,4,1,2,16,15,5,12,4,1,3,1,0,0,3,5,8,7,5,6,2,7,0,5,9,4,3,1,2,7,9,3,4,13,2,12,0,1,0,0,6,3,1,2,0,3,2,3,0,3,2,0,3,3,3,5,8,0,5,1,0,1,0,0,0,1,1,2,3,0
17:30:00,37,0,5,2,1,9,10,14369,13715,14454,8633,7387,7994,1,0,6,3,3,7,27,53,49,33,15,35,7,1,6,6,0,5,2,16,3,16,3,12,3,9,0,2,18,1,2,9,14,12,7,1,0,5,1,6,6,3,1,1,1,6,10,8,1,0,3,3,10,5,8,3,0,4,0,1,5,1,7,2,4,0,3,1,2,1,1,5,2,0,1,13,0,4,0,1,4,6,4,5
17:40:00,37,6,5,3,4,6,25,13744,13939,14064,8880,7319,7722,11,2,2,1,6,9,35,43,33,25,38,18,4,1,1,4,2,5,11,15,11,16,3,12,1,1,1,1,6,7,7,1,9,13,1,0,6,2,10,0,7,0,0,6,1,12,5,4,6,3,0,2,8,2,5,4,8,0,0,3,1,5,3,0,0,1,8,2,1,11,15,1,6,2,0,1,0,0,0,0,7,4,5,1
17:50:00,37,2,2,2,8,4,22,14658,13428,13782,8804,7266,8059,134,3,1,3,1,8,42,27,40,33,16,21,5,10,3,5,1,0,5,5,10,2,3,8,2,6,10,4,1,2,10,10,2,4,5,15,0,1,5,6,3,1,1,1,1,7,11,5,1,2,0,8,8,1,3,1,1,0,3,3,1,0,10,1,6,2,0,0,4,0,0,7,1,3,11,1,1,4,6,4,0,12,1,4
18:00:00,36.9,6,5,4,1,1,13,14472,13722,13997,8621,7378,7903,0,0,13,4,7,20,13,51,20,40,33,41,0,0,7,6,0,13,2,9,6,8,9,14,0,1,6,0,14,0,9,6,13,4,0,13,0,1,1,5,7,0,5,0,8,0,6,5,2,1,6,0,2,1,2,0,1,9,0,6,1,2,4,0,2,1,6,1,1,12,8,14,3,1,3,2,0,10,0,2,7,3,16,0
18:10:00,37,1,0,3,7,0,23,15293,14021,14057,9128,7430,7799,2,1,2,3,4,8,32,30,62,22,38,39,1,0,0,4,4,5,10,6,8,3,5,5,4,5,0,3,1,13,6,11,14,7,6,1,8,11,2,0,8,1,1,9,9,8,5,2,2,0,9,4,13,1,7,14,9,9,8,2,7,4,5,0,8,6,15,10,0,5,7,1,4,4,1,4,2,0,16,7,1,1,5,6
18:20:00,37,10,19,7,3,5,11,14608,13692,14421,9025,7551,7934,9,4,14,1,6,12,48,42,59,52,44,21,1,1,6,4,10,8,4,16,12,5,3,3,5,4,14,2,0,0,10,13,7,2,6,4,15,1,7,4,4,5,3,1,7,11,7,0,1,0,4,4,0,4,1,1,12,5,1,4,1,4,2,11,5,1,7,0,8,10,1,4,3,0,1,1,1,7,1,7,5,1,4,0
18:30:00,37,0,2,10,24,14,21,15836,14534,13622,9107,7567,7505,4,2,0,0,2,12,19,27,51,23,25,35,12,0,2,6,7,14,7,9,7,11,1,3,2,5,0,1,15,0,15,3,1,4,3,7,0,1,8,1,3,2,5,1,8,2,2,12,1,4,1,0,0,16,12,1,3,6,1,0,1,1,0,5,1,5,0,1,1,3,0,0,4,2,1,0,5,3,6,0,1,0,0,2
18:40:00,37,5,6,3,7,7,29,15024,13991,13989,9245,7716,7927,10,10,1,4,2,7,25,39,38,34,34,42,0,4,0,2,12,1,10,1,18,7,8,5,0,7,5,8,3,8,16,12,14,5,1,4,1,8,4,8,2,4,6,5,11,5,1,0,9,1,1,1,2,3,16,10,0,6,6,4,1,1,0,8,2,1,1,9,4,1,5,0,6,1,7,1,0,1,4,5,0,1,7,0
18:50:00,37,0,3,15,1,5,27,14946,13928,14112,9115,7454,7812,8,8,1,9,4,10,21,34,60,19,7,31,9,7,3,11,11,3,10,1,14,8,2,7,5,8,3,11,20,16,3,6,2,14,7,3,2,1,1,0,0,9,7,11,15,10,5,5,6,0,20,2,1,3,0,3,10,0,11,5,2,1,0,0,1,8,3,1,11,3,28,0,3,7,2,2,3,1,1,10,8,4,7,5
19:00:00,37,8,3,7,4,21,17,14906,14363,13487,9282,7590,7913,3,3,6,4,10,2,22,30,51,28,18,23,1,5,6,5,18,12,1,4,9,10,12,4,9,1,4,17,1,1,17,2,1,3,6,3,6,1,0,2,4,7,5,2,3,7,3,7,11,2,1,7,4,3,6,6,8,6,3,2,1,8,2,1,2,11,1,6,8,14,4,1,4,2,2,0,0,4,0,0,1,2,8,8
19:10:00,37,12,12,1,10,4,29,15207,14399,14238,9268,7393,7872,3,1,2,6,2,8,32,33,46,36,50,25,0,0,1,4,14,4,6,6,6,9,13,14,0,0,1,5,2,3,4,1,4,10,8,9,6,2,1,2,1,0,4,11,14,6,1,1,1,8,6,1,11,7,6,16,7,5,4,4,1,0,1,4,1,11,5,18,0,0,3,23,4,7,1,8,1,8,5,4,4,1,5,8
19:20:00,37,16,6,1,2,6,15,14916,13708,13926,8891,7766,7922,1,0,0,8,10,5,40,57,43,46,43,14,3,5,4,0,9,1,14,3,14,11,12,8,0,1,1,2,26,8,5,13,10,0,1,1,1,8,0,1,0,4,6,0,4,0,2,13,1,3,1,5,1,4,6,1,2,12,0,10,0,1,1,1,13,5,5,1,30,7,13,4,5,2,6,0,2,1,1,20,7,3,5,2
19:30:00,37,7,6,1,6,7,29,15038,13978,13700,9045,8020,7671,2,4,0,16,3,9,32,65,60,33,40,16,12,7,7,5,3,6,5,4,3,9,8,9,8,13,5,5,3,13,9,11,9,1,13,9,0,5,1,1,2,0,5,1,5,2,3,7,0,5,0,4,3,4,0,1,1,3,10,1,4,6,4,13,2,6,15,0,0,1,6,1,4,1,11,6,0,0,4,2,4,1,0,6
19:40:00,37,6,6,3,0,1,22,15183,14011,13583,9370,7545,7611,1,8,6,7,7,9,45,45,23,16,13,35,9,1,0,0,5,3,4,6,3,12,7,8,6,2,5,1,3,0,3,7,0,1,4,9,4,4,12,1,3,0,1,3,4,3,10,4,11,2,6,5,3,1,1,1,10,1,3,2,7,1,1,5,3,8,6,4,5,13,11,1,1,7,2,4,3,1,5,4,2,9,1,1
19:50:00,37,12,7,7,2,4,18,14928,14506,14275,9144,7577,7503,1,1,2,6,3,9,25,47,29,22,29,45,3,2,2,10,0,9,1,1,12,2,6,3,5,7,13,9,6,11,5,6,12,9,5,2,6,2,1,1,5,0,16,10,10,9,7,9,5,3,1,5,2,0,1,2,2,5,4,4,0,0,1,5,5,0,1,1,6,1,0,6,0,1,0,5,5,0,6,0,3,8,1,2
20:00:00,37,6,7,1,7,1,20,15646,14283,13531,8905,7683,7557,13,2,0,21,1,8,15,45,21,41,33,14,3,2,2,8,3,9,0,11,9,15,11,6,4,1,6,3,1,1,11,2,1,3,10,6,0,1,14,2,5,1,2,9,10,0,11,7,1,0,0,2,1,5,0,0,0,10,5,13,1,0,1,3,0,4,1,12,4,9,5,1,1,1,4,5,2,9,10,4,6,4,4,5
20:10:00,37,2,6,7,3,11,32,15288,13649,13895,9170,7787,7829,9,11,3,5,2,17,67,26,44,33,16,15,1,0,5,2,13,1,5,6,1,18,7,7,0,1,5,8,6,0,3,4,1,6,3,11,6,7,7,3,8,10,3,1,47,5,5,1,2,4,7,1,2,0,13,1,7,7,6,0,1,10,1,0,6,1,3,1,5,7,4,10,3,2,13,6,2,0,4,1,3,2,2,1
20:20:00,37,3,6,1,4,0,10,15644,13927,13401,9319,7652,7939,0,1,8,1,13,4,38,30,13,32,18,23,10,0,7,23,3,20,23,5,6,9,20,1,4,2,1,10,0,1,10,13,1,5,6,0,0,11,8,1,3,7,5,5,1,0,9,12,1,1,6,4,4,2,1,12,1,0,10,1,4,1,3,4,0,4,5,3,1,0,7,3,5,2,0,4,8,5,4,9,3,6,0,1
20:30:00,37,2,5,5,12,12,8,16299,14073,13376,8982,7500,7713,1,5,7,12,4,117,33,40,35,24,29,32,1,9,1,5,6,17,0,17,8,11,1,8,2,3,0,2,1,6,0,4,2,17,4,6,0,11,3,7,9,8,8,6,1,8,3,4,3,1,6,0,3,7,3,12,3,16,0,3,5,0,9,1,1,6,2,15,7,1,8,3,7,3,6,0,6,2,3,1,9,1,0,0
20:40:00,37,3,7,1,4,1,11,15710,14365,13590,9206,7749,7684,1,2,14,1,0,15,12,40,30,54,39,15,4,0,4,0,0,1,2,1,8,18,4,8,9,1,0,0,5,1,9,4,7,11,1,7,1,13,2,0,8,6,10,9,2,1,1,5,6,4,3,2,0,14,9,1,8,2,6,7,1,1,3,0,0,3,0,1,0,3,6,5,5,9,7,0,2,1,5,0,5,6,6,4
0:00:00,,,,,,,,,,,,,,,,,,,,,,,,,,,,,,,,,,,,,,,,,,,,,,,,,,,,,,,,,,,,,,,,,,,,,,,,,,,,,,,,,,,,,,,,,,,,,,,,,
0:00:00,,,,,,,,,,,,,,,,,,,,,,,,,,,,,,,,,,,,,,,,,,,,,,,,,,,,,,,,,,,,,,,,,,,,,,,,,,,,,,,,,,,,,,,,,,,,,,,,,
0:00:00,,,,,,,,,,,,,,,,,,,,,,,,,,,,,,,,,,,,,,,,,,,,,,,,,,,,,,,,,,,,,,,,,,,,,,,,,,,,,,,,,,,,,,,,,,,,,,,,,
0:00:00,,,,,,,,,,,,,,,,,,,,,,,,,,,,,,,,,,,,,,,,,,,,,,,,,,,,,,,,,,,,,,,,,,,,,,,,,,,,,,,,,,,,,,,,,,,,,,,,,
0:00:00,,,,,,,,,,,,,,,,,,,,,,,,,,,,,,,,,,,,,,,,,,,,,,,,,,,,,,,,,,,,,,,,,,,,,,,,,,,,,,,,,,,,,,,,,,,,,,,,,
0:00:00,,,,,,,,,,,,,,,,,,,,,,,,,,,,,,,,,,,,,,,,,,,,,,,,,,,,,,,,,,,,,,,,,,,,,,,,,,,,,,,,,,,,,,,,,,,,,,,,,
0:00:00,,,,,,,,,,,,,,,,,,,,,,,,,,,,,,,,,,,,,,,,,,,,,,,,,,,,,,,,,,,,,,,,,,,,,,,,,,,,,,,,,,,,,,,,,,,,,,,,,
0:00:00,,,,,,,,,,,,,,,,,,,,,,,,,,,,,,,,,,,,,,,,,,,,,,,,,,,,,,,,,,,,,,,,,,,,,,,,,,,,,,,,,,,,,,,,,,,,,,,,,
0:00:00,,,,,,,,,,,,,,,,,,,,,,,,,,,,,,,,,,,,,,,,,,,,,,,,,,,,,,,,,,,,,,,,,,,,,,,,,,,,,,,,,,,,,,,,,,,,,,,,,
0:00:00,,,,,,,,,,,,,,,,,,,,,,,,,,,,,,,,,,,,,,,,,,,,,,,,,,,,,,,,,,,,,,,,,,,,,,,,,,,,,,,,,,,,,,,,,,,,,,,,,
0:00:00,,,,,,,,,,,,,,,,,,,,,,,,,,,,,,,,,,,,,,,,,,,,,,,,,,,,,,,,,,,,,,,,,,,,,,,,,,,,,,,,,,,,,,,,,,,,,,,,,
0:00:00,,,,,,,,,,,,,,,,,,,,,,,,,,,,,,,,,,,,,,,,,,,,,,,,,,,,,,,,,,,,,,,,,,,,,,,,,,,,,,,,,,,,,,,,,,,,,,,,,
0:00:00,,,,,,,,,,,,,,,,,,,,,,,,,,,,,,,,,,,,,,,,,,,,,,,,,,,,,,,,,,,,,,,,,,,,,,,,,,,,,,,,,,,,,,,,,,,,,,,,,
0:00:00,,,,,,,,,,,,,,,,,,,,,,,,,,,,,,,,,,,,,,,,,,,,,,,,,,,,,,,,,,,,,,,,,,,,,,,,,,,,,,,,,,,,,,,,,,,,,,,,,
0:00:00,,,,,,,,,,,,,,,,,,,,,,,,,,,,,,,,,,,,,,,,,,,,,,,,,,,,,,,,,,,,,,,,,,,,,,,,,,,,,,,,,,,,,,,,,,,,,,,,,
0:00:00,,,,,,,,,,,,,,,,,,,,,,,,,,,,,,,,,,,,,,,,,,,,,,,,,,,,,,,,,,,,,,,,,,,,,,,,,,,,,,,,,,,,,,,,,,,,,,,,,
0:00:00,,,,,,,,,,,,,,,,,,,,,,,,,,,,,,,,,,,,,,,,,,,,,,,,,,,,,,,,,,,,,,,,,,,,,,,,,,,,,,,,,,,,,,,,,,,,,,,,,
0:00:00,,,,,,,,,,,,,,,,,,,,,,,,,,,,,,,,,,,,,,,,,,,,,,,,,,,,,,,,,,,,,,,,,,,,,,,,,,,,,,,,,,,,,,,,,,,,,,,,,
0:00:00,,,,,,,,,,,,,,,,,,,,,,,,,,,,,,,,,,,,,,,,,,,,,,,,,,,,,,,,,,,,,,,,,,,,,,,,,,,,,,,,,,,,,,,,,,,,,,,,,
0:00:00,,,,,,,,,,,,,,,,,,,,,,,,,,,,,,,,,,,,,,,,,,,,,,,,,,,,,,,,,,,,,,,,,,,,,,,,,,,,,,,,,,,,,,,,,,,,,,,,,
